David,John,Paul,Mark,James,Andrew,Scott,Steven,Robert,Stephen,William,Craig,Michael,Stuart,Christopher,Alan,Colin,Brian,Kevin,Gary,Richard,Derek,Martin,Thomas,Neil,Barry,Ian,Jason,Iain,Gordon,Alexander,Graeme,Peter,Darren,Graham,George,Kenneth,Allan,Simon,Douglas,Keith,Lee,Anthony,Grant,Ross,Jonathan,Gavin,Nicholas,Joseph,Stewart,Daniel,Edward,Matthew,Donald,Fraser,Garry,Malcolm,Charles,Duncan,Alistair,Raymond,Philip,Ronald,Ewan,Ryan,Francis,Bruce,Patrick,Alastair,Bryan,Marc,Jamie,Hugh,Euan,Gerard,Sean,Wayne,Adam,Calum,Alasdair,Robin,Greig,Angus,Russell,Cameron,Roderick,Norman,Murray,Gareth,Dean,Eric,Adrian,Gregor,Samuel,Gerald,Henry,Justin,Benjamin,Shaun,Callum,Campbell,Frank,Roy,Timothy,Glen,Marcus,Hamish,Niall,Barrie,Liam,Brendan,Terence,Greg,Leslie,Lindsay,Trevor,Vincent,Christian,Lewis,Rory,Antony,Fergus,Roger,Arthur,Dominic,Ewen,Jon,Owen,Gregory,Jeffrey,Terry,Damian,Geoffrey,Harry,Walter,Bernard,Desmond,Jack,Aaron,Archibald,Blair,Jeremy,Nathan,Alister,Dale,Dylan,Glenn,Julian,Leon,Allen,Martyn,Nigel,Alisdair,Denis,Drew,Evan,Phillip,Frazer,Guy,Laurence,Lawrence,Magnus,Crawford,Finlay,Frederick,Gregg,Karl,Kerr,Mohammed,Rodney,Victor,Carl,Daryl,Don,Edwin,Erik,Grahame,Ivan,Kyle,Leigh,Lorne,Maurice,Murdo,Nicolas,Steve,Allister,Clark,Darran,Dennis,Elliot,Leonard,Nairn,Scot,Stefan,Toby,Warren,Billy,Clive,Damien,Louis,Mohammad,Neill,Noel,Ralph,Sandy,Albert,Alun,Brett,Clifford,Eoin,Glyn,Imran,Ivor,Johnathan,Kevan,Neal,Oliver,Robbie,Roland,Stanley,Aidan,Antonio,Austin,Bradley,Cornelius,Darrin,Derrick,Innes,Kristian,Lachlan,Mathew,Moray,Nicol,Shane,Tony,Brent,Findlay,Forbes,Gilbert,Giles,Jay,Kelvin,Leighton,Marco,Omar,Roddy,Tom,Abdul,Alfred,Alick,Ashley,Bryce,Conrad,Darryl,Eugene,Harold,Harvey,Hector,Jody,Kieran,Kirk,Kris,Marshall,Muhammad,Ramsay,Ray,Rodger,Seumas,Tommy,Wai,Alex,Ali,Andrea,Archie,Daren,Derick,Gideon,Jan,Juan,Kerry,Kieron,Luke,Lyall,Manus,Marvin,Morgan,Muir,Myles,Ronnie,Rowan,Rupert,Spencer,Stephan,Struan,Torquil,Wallace,Aftab,Alain,Alec,Alvin,Anton,Arran,Arron,Austen,Aynsley,Benedict,Chad,Chun,Clarke,Damon,Danny,Darron,Declan,Deryck,Edmond,Edmund,Jacob,Johnston,Keiron,Kennedy,Khalil,Kristofer,Laurie,Lloyd,Mario,Max,Maxwell,Mitchell,Morris,Nathaniel,Naveed,Neville,Nickolas,Piers,Quentin,Rennie,Reuben,Riccardo,Roberto,Ruaraidh,Ruaridh,Stefano,Symon,Tobias,Todd,Abid,Adnan,Aeneas,Aiden,Ainslie,Ajay,Alessandro,Alyn,Anderson,Andre,Ashok,Asif,Atholl,Bjorn,Brandon,Brydon,Bryn,Caine,Calvin,Carlo,Ceri,Chris,Christien,Claudio,Clayton,Clint,Connell,Cyril,Damion,Darin,Dario,Darroch,Deryk,Dirk,Donovan,Dustin,Eamonn,Edgar,Elliott,Elton,Emlyn,Eoghan,Erlend,Farooq,Garth,Geoff,Gerrard,Gerry,Giancarlo,Gidon,Grierson,Hamilton,Hans,Hendry,Howard,Irvine,Jaimie,Jarad,Jayson,Jean,Jeff,Jerome,Joel,Jude,Kane,Karan,Karim,Kashif,Keiran,Kendon,Kent,Kwok,Laith,Lauchlan,Leo,Leyton,Lindsey,Logan,Lorn,Lyle,Mason,Mervyn,Michel,Mubarak,Mungo,Murdoch,Nathanael,Neall,Nickie,Nicky,Nikki,Nikolas,Paolo,Perry,Ranald,Rehan,Ricky,Rikki,Ritchie,Rizwan,Robertson,Roderic,Rolf,Ronan,Rowland,Sam,Scotland,Seth,Shahid,Shakeel,Sidney,Sinclair,Sonny,Taylor,Tin,Tomas,Travis,Tristan,Vernon,Vince,Waheed,Waseem,Wei,Wilson,Yan,Zak,Aamir,Abdullahi,Abdulrazak,Abraham,Adebayo,Ade
Lucas, José, Breno, Davi, Arnaldo, Matheus, André
